Name,geo_loc
Trivandrum,"(8.5058909, 76.9570481)"
Ernakulam,"(10.038394700000001, 76.5074145180173)"
Kozhikode,"(11.2446144, 75.7759372)"
Thrissur,"(10.5256264, 76.2132542)"
